<?xml version="1.0" encoding="UTF-8"?>
<project-private xmlns="http://www.netbeans.org/ns/project-private/1">
    <editor-bookmarks xmlns="http://www.netbeans.org/ns/editor-bookmarks/2" lastBookmarkId="0"/>
    <open-files xmlns="http://www.netbeans.org/ns/projectui-open-files/2">
        <group>
            <file>file:/Users/shihhaochiu/NetBeansProjects/Ch12_20191107/src/ch12_20191107/MySQL.java</file>
            <file>file:/Users/shihhaochiu/NetBeansProjects/Ch12_20191107/src/ch12_20191107/Ch12_1.java</file>
            <file>file:/Users/shihhaochiu/NetBeansProjects/Ch12_20191107/src/ch12_20191107/DataBase.java</file>
            <file>file:/Users/shihhaochiu/NetBeansProjects/Ch12_20191107/src/ch12_20191107/DataBaseEvent.java</file>
            <file>file:/Users/shihhaochiu/NetBeansProjects/Ch12_20191107/src/ch12_20191107/MyDBEvent.java</file>
        </group>
    </open-files>
</project-private>
