<?xml version="1.0" encoding="UTF-8"?>
<project-private xmlns="http://www.netbeans.org/ns/project-private/1">
    <editor-bookmarks xmlns="http://www.netbeans.org/ns/editor-bookmarks/2" lastBookmarkId="0"/>
    <open-files xmlns="http://www.netbeans.org/ns/projectui-open-files/2">
        <group>
            <file>file:/C:/Users/xvpow/Documents/NetBeansProjects/Ch2_20191003/src/ch2_20191003/Ch2_5.java</file>
            <file>file:/C:/Users/xvpow/Documents/NetBeansProjects/Ch2_20191003/src/ch2_20191003/Ch2_2.java</file>
            <file>file:/C:/Users/xvpow/Documents/NetBeansProjects/Ch2_20191003/src/ch2_20191003/Ch2_3.java</file>
            <file>file:/C:/Users/xvpow/Documents/NetBeansProjects/Ch2_20191003/src/ch2_20191003/Ch2_7.java</file>
            <file>file:/C:/Users/xvpow/Documents/NetBeansProjects/Ch2_20191003/src/ch2_20191003/Ch2_4.java</file>
            <file>file:/C:/Users/xvpow/Documents/NetBeansProjects/Ch2_20191003/src/ch2_20191003/Ch2_6.java</file>
            <file>file:/C:/Users/xvpow/Documents/NetBeansProjects/Ch2_20191003/src/ch2_20191003/Ch2_1.java</file>
        </group>
    </open-files>
</project-private>
