<?xml version="1.0" encoding="UTF-8"?>
<project-private xmlns="http://www.netbeans.org/ns/project-private/1">
    <editor-bookmarks xmlns="http://www.netbeans.org/ns/editor-bookmarks/2" lastBookmarkId="0"/>
    <open-files xmlns="http://www.netbeans.org/ns/projectui-open-files/2">
        <group>
            <file>file:/Users/shihhaochiu/NetBeansProjects/Ch10_20191031/src/ch10_20191031/TestBlock.java</file>
            <file>file:/Users/shihhaochiu/NetBeansProjects/Ch10_20191031/src/ch10_20191031/Test2.java</file>
            <file>file:/Users/shihhaochiu/NetBeansProjects/Ch10_20191031/src/ch10_20191031/Ch10_5.java</file>
            <file>file:/Users/shihhaochiu/NetBeansProjects/Ch10_20191031/src/ch10_20191031/Ch10_6.java</file>
        </group>
    </open-files>
</project-private>
