<?xml version="1.0" encoding="UTF-8"?>
<project-private xmlns="http://www.netbeans.org/ns/project-private/1">
    <editor-bookmarks xmlns="http://www.netbeans.org/ns/editor-bookmarks/2" lastBookmarkId="0"/>
    <open-files xmlns="http://www.netbeans.org/ns/projectui-open-files/2">
        <group>
            <file>file:/C:/Users/xvpow/Documents/NetBeansProjects/Ch17_20191126/src/ch17_20191126/Person.java</file>
            <file>file:/C:/Users/xvpow/Documents/NetBeansProjects/Ch17_20191126/src/ch17_20191126/Product.java</file>
            <file>file:/C:/Users/xvpow/Documents/NetBeansProjects/Ch17_20191126/src/ch17_20191126/Ch17_3.java</file>
        </group>
    </open-files>
</project-private>
